{
    "1": {
        "anim_name": "\u65b0\u5efa\u65f6\u95f4\u8f74", 
        "dt": [
            {
                "dt": [
                    {
                        "dt": {
                            "0": {
                                "val": [
                                    47.760416666666664, 
                                    53.70370370370371, 
                                    917.0, 
                                    580.0
                                ]
                            }, 
                            "60": {
                                "val": [
                                    47.760416666666664, 
                                    53.70370370370371, 
                                    917.0, 
                                    580.0
                                ]
                            }
                        }, 
                        "tp": 1
                    }, 
                    {
                        "dt": {
                            "0": {
                                "val": {
                                    "__tuple__": true, 
                                    "items": [
                                        100.0, 
                                        100.0
                                    ]
                                }
                            }, 
                            "30": {
                                "val": {
                                    "__tuple__": true, 
                                    "items": [
                                        250.0, 
                                        250.0
                                    ]
                                }
                            }, 
                            "60": {
                                "val": {
                                    "__tuple__": true, 
                                    "items": [
                                        250.0, 
                                        250.0
                                    ]
                                }
                            }
                        }, 
                        "tp": 9
                    }, 
                    {
                        "dt": {
                            "0": {
                                "val": 0
                            }, 
                            "30": {
                                "val": 0.0
                            }, 
                            "60": {
                                "val": 0
                            }
                        }, 
                        "tp": 3
                    }, 
                    {
                        "dt": {
                            "0": {
                                "val": 1.0
                            }, 
                            "60": {
                                "val": 1.0
                            }
                        }, 
                        "tp": 4
                    }, 
                    {
                        "dt": {
                            "0": {
                                "val": {
                                    "__tuple__": true, 
                                    "items": [
                                        1, 
                                        1
                                    ]
                                }
                            }, 
                            "60": {
                                "val": {
                                    "__tuple__": true, 
                                    "items": [
                                        1, 
                                        1
                                    ]
                                }
                            }
                        }, 
                        "tp": 2
                    }, 
                    {
                        "dt": {
                            "0": {
                                "val": true
                            }, 
                            "60": {
                                "val": false
                            }
                        }, 
                        "tp": 5
                    }
                ], 
                "enabled": true, 
                "name": "fabb1ea3-bb49-4532-8d28-85a36e68cec6"
            }, 
            {
                "dt": [
                    {
                        "dt": {
                            "0": {
                                "val": [
                                    47.760416666666664, 
                                    53.70370370370371, 
                                    917.0, 
                                    580.0
                                ]
                            }, 
                            "60": {
                                "val": [
                                    47.760416666666664, 
                                    53.70370370370371, 
                                    119.0, 
                                    134.0
                                ]
                            }
                        }, 
                        "tp": 1
                    }, 
                    {
                        "dt": {
                            "0": {
                                "val": {
                                    "__tuple__": true, 
                                    "items": [
                                        156, 
                                        156
                                    ]
                                }
                            }, 
                            "30": {
                                "val": {
                                    "__tuple__": true, 
                                    "items": [
                                        300.0, 
                                        300.0
                                    ]
                                }
                            }, 
                            "60": {
                                "val": {
                                    "__tuple__": true, 
                                    "items": [
                                        300.0, 
                                        300.0
                                    ]
                                }
                            }
                        }, 
                        "tp": 9
                    }, 
                    {
                        "dt": {
                            "0": {
                                "val": 0
                            }, 
                            "60": {
                                "val": 0
                            }
                        }, 
                        "tp": 3
                    }, 
                    {
                        "dt": {
                            "0": {
                                "val": 1.0
                            }, 
                            "60": {
                                "val": 1.0
                            }
                        }, 
                        "tp": 4
                    }, 
                    {
                        "dt": {
                            "0": {
                                "val": {
                                    "__tuple__": true, 
                                    "items": [
                                        1, 
                                        1
                                    ]
                                }
                            }, 
                            "60": {
                                "val": {
                                    "__tuple__": true,